series,series_name,bucket_id,bucket_min,bucket_max_finite,n,mean_retained_final_score,sample_sd_retained_final_score,error_bar,retained_policy,lso_simulation_chain,mini_simulation_chain,lso_source_artifacts,mini_source_artifacts,comparison_scope
tree_lso,TreeVAE-80 + latent EA,B1,0.29999999999999999,0.5,25,1.8363051719999999,0.22770405950063141,full sample SD,"max(best_score,seed_source_fitness)",eval-allcriteria.sim,eval-allcriteria-mini.sim;deterministic.sim;sample-period-2.sim;only-body.sim,jobs/gpu/*.csv; jobs/gpu/*.history.csv; jobs/gpu/*.details.json,final_benchmark.csv; final_benchmark.history.csv; jobs/cpu/*.details.json,cross-configuration descriptive contrast; not a controlled method effect
tree_lso,TreeVAE-80 + latent EA,B2,0.5,0.75,25,1.7430445000000001,0.25002621611235926,full sample SD,"max(best_score,seed_source_fitness)",eval-allcriteria.sim,eval-allcriteria-mini.sim;deterministic.sim;sample-period-2.sim;only-body.sim,jobs/gpu/*.csv; jobs/gpu/*.history.csv; jobs/gpu/*.details.json,final_benchmark.csv; final_benchmark.history.csv; jobs/cpu/*.details.json,cross-configuration descriptive contrast; not a controlled method effect
tree_lso,TreeVAE-80 + latent EA,B3,0.75,1,25,1.732639912,0.22861335207198519,full sample SD,"max(best_score,seed_source_fitness)",eval-allcriteria.sim,eval-allcriteria-mini.sim;deterministic.sim;sample-period-2.sim;only-body.sim,jobs/gpu/*.csv; jobs/gpu/*.history.csv; jobs/gpu/*.details.json,final_benchmark.csv; final_benchmark.history.csv; jobs/cpu/*.details.json,cross-configuration descriptive contrast; not a controlled method effect
tree_lso,TreeVAE-80 + latent EA,B4,1,1.2,25,1.6709885200000001,0.22086803872869618,full sample SD,"max(best_score,seed_source_fitness)",eval-allcriteria.sim,eval-allcriteria-mini.sim;deterministic.sim;sample-period-2.sim;only-body.sim,jobs/gpu/*.csv; jobs/gpu/*.history.csv; jobs/gpu/*.details.json,final_benchmark.csv; final_benchmark.history.csv; jobs/cpu/*.details.json,cross-configuration descriptive contrast; not a controlled method effect
tree_lso,TreeVAE-80 + latent EA,B5,1.2,1.5,25,1.7359130359999999,0.19300953763336817,full sample SD,"max(best_score,seed_source_fitness)",eval-allcriteria.sim,eval-allcriteria-mini.sim;deterministic.sim;sample-period-2.sim;only-body.sim,jobs/gpu/*.csv; jobs/gpu/*.history.csv; jobs/gpu/*.details.json,final_benchmark.csv; final_benchmark.history.csv; jobs/cpu/*.details.json,cross-configuration descriptive contrast; not a controlled method effect
tree_lso,TreeVAE-80 + latent EA,B6,1.5,2.2952309520191614,25,1.9154568080000001,0.17265784524614936,full sample SD,"max(best_score,seed_source_fitness)",eval-allcriteria.sim,eval-allcriteria-mini.sim;deterministic.sim;sample-period-2.sim;only-body.sim,jobs/gpu/*.csv; jobs/gpu/*.history.csv; jobs/gpu/*.details.json,final_benchmark.csv; final_benchmark.history.csv; jobs/cpu/*.details.json,cross-configuration descriptive contrast; not a controlled method effect
transformer_lso,TransformerVAE-90 + latent EA,B1,0.29999999999999999,0.5,25,1.8048944119999999,0.17367742925615079,full sample SD,"max(best_score,seed_source_fitness)",eval-allcriteria.sim,eval-allcriteria-mini.sim;deterministic.sim;sample-period-2.sim;only-body.sim,jobs/gpu/*.csv; jobs/gpu/*.history.csv; jobs/gpu/*.details.json,final_benchmark.csv; final_benchmark.history.csv; jobs/cpu/*.details.json,cross-configuration descriptive contrast; not a controlled method effect
transformer_lso,TransformerVAE-90 + latent EA,B2,0.5,0.75,25,1.6942919519999999,0.21850618015899292,full sample SD,"max(best_score,seed_source_fitness)",eval-allcriteria.sim,eval-allcriteria-mini.sim;deterministic.sim;sample-period-2.sim;only-body.sim,jobs/gpu/*.csv; jobs/gpu/*.history.csv; jobs/gpu/*.details.json,final_benchmark.csv; final_benchmark.history.csv; jobs/cpu/*.details.json,cross-configuration descriptive contrast; not a controlled method effect
transformer_lso,TransformerVAE-90 + latent EA,B3,0.75,1,25,1.7663570399999999,0.19599561905971905,full sample SD,"max(best_score,seed_source_fitness)",eval-allcriteria.sim,eval-allcriteria-mini.sim;deterministic.sim;sample-period-2.sim;only-body.sim,jobs/gpu/*.csv; jobs/gpu/*.history.csv; jobs/gpu/*.details.json,final_benchmark.csv; final_benchmark.history.csv; jobs/cpu/*.details.json,cross-configuration descriptive contrast; not a controlled method effect
transformer_lso,TransformerVAE-90 + latent EA,B4,1,1.2,25,1.7827138840000001,0.23558820949096873,full sample SD,"max(best_score,seed_source_fitness)",eval-allcriteria.sim,eval-allcriteria-mini.sim;deterministic.sim;sample-period-2.sim;only-body.sim,jobs/gpu/*.csv; jobs/gpu/*.history.csv; jobs/gpu/*.details.json,final_benchmark.csv; final_benchmark.history.csv; jobs/cpu/*.details.json,cross-configuration descriptive contrast; not a controlled method effect
transformer_lso,TransformerVAE-90 + latent EA,B5,1.2,1.5,25,1.701758952,0.16963453299309403,full sample SD,"max(best_score,seed_source_fitness)",eval-allcriteria.sim,eval-allcriteria-mini.sim;deterministic.sim;sample-period-2.sim;only-body.sim,jobs/gpu/*.csv; jobs/gpu/*.history.csv; jobs/gpu/*.details.json,final_benchmark.csv; final_benchmark.history.csv; jobs/cpu/*.details.json,cross-configuration descriptive contrast; not a controlled method effect
transformer_lso,TransformerVAE-90 + latent EA,B6,1.5,2.2952309520191614,25,1.8938864120000001,0.12780557652728267,full sample SD,"max(best_score,seed_source_fitness)",eval-allcriteria.sim,eval-allcriteria-mini.sim;deterministic.sim;sample-period-2.sim;only-body.sim,jobs/gpu/*.csv; jobs/gpu/*.history.csv; jobs/gpu/*.details.json,final_benchmark.csv; final_benchmark.history.csv; jobs/cpu/*.details.json,cross-configuration descriptive contrast; not a controlled method effect
mini_ea,Mini Framsticks EA,B1,0.29999999999999999,0.5,25,1.71476556,0.33411243147259329,full sample SD,"max(best_score,seed_source_fitness)",eval-allcriteria.sim,eval-allcriteria-mini.sim;deterministic.sim;sample-period-2.sim;only-body.sim,jobs/gpu/*.csv; jobs/gpu/*.history.csv; jobs/gpu/*.details.json,final_benchmark.csv; final_benchmark.history.csv; jobs/cpu/*.details.json,cross-configuration descriptive contrast; not a controlled method effect
mini_ea,Mini Framsticks EA,B2,0.5,0.75,25,1.744141264,0.35622004269595653,full sample SD,"max(best_score,seed_source_fitness)",eval-allcriteria.sim,eval-allcriteria-mini.sim;deterministic.sim;sample-period-2.sim;only-body.sim,jobs/gpu/*.csv; jobs/gpu/*.history.csv; jobs/gpu/*.details.json,final_benchmark.csv; final_benchmark.history.csv; jobs/cpu/*.details.json,cross-configuration descriptive contrast; not a controlled method effect
mini_ea,Mini Framsticks EA,B3,0.75,1,25,1.4470425936,0.37972516595606698,full sample SD,"max(best_score,seed_source_fitness)",eval-allcriteria.sim,eval-allcriteria-mini.sim;deterministic.sim;sample-period-2.sim;only-body.sim,jobs/gpu/*.csv; jobs/gpu/*.history.csv; jobs/gpu/*.details.json,final_benchmark.csv; final_benchmark.history.csv; jobs/cpu/*.details.json,cross-configuration descriptive contrast; not a controlled method effect
mini_ea,Mini Framsticks EA,B4,1,1.2,25,1.551342384,0.34757931312914719,full sample SD,"max(best_score,seed_source_fitness)",eval-allcriteria.sim,eval-allcriteria-mini.sim;deterministic.sim;sample-period-2.sim;only-body.sim,jobs/gpu/*.csv; jobs/gpu/*.history.csv; jobs/gpu/*.details.json,final_benchmark.csv; final_benchmark.history.csv; jobs/cpu/*.details.json,cross-configuration descriptive contrast; not a controlled method effect
mini_ea,Mini Framsticks EA,B5,1.2,1.5,25,1.6762818479999999,0.27043794306093455,full sample SD,"max(best_score,seed_source_fitness)",eval-allcriteria.sim,eval-allcriteria-mini.sim;deterministic.sim;sample-period-2.sim;only-body.sim,jobs/gpu/*.csv; jobs/gpu/*.history.csv; jobs/gpu/*.details.json,final_benchmark.csv; final_benchmark.history.csv; jobs/cpu/*.details.json,cross-configuration descriptive contrast; not a controlled method effect
mini_ea,Mini Framsticks EA,B6,1.5,2.2952309520191614,25,2.0248746720000002,0.20528615895607669,full sample SD,"max(best_score,seed_source_fitness)",eval-allcriteria.sim,eval-allcriteria-mini.sim;deterministic.sim;sample-period-2.sim;only-body.sim,jobs/gpu/*.csv; jobs/gpu/*.history.csv; jobs/gpu/*.details.json,final_benchmark.csv; final_benchmark.history.csv; jobs/cpu/*.details.json,cross-configuration descriptive contrast; not a controlled method effect
