metric_policy,retained_improvement_definition,model,model_name,method,method_name,bucket,bucket_min,bucket_max_finite,dataset_exact_max_metadata,n,mean_retained_score,sample_sd_retained_score,max_retained_score,mean_retained_improvement,sample_sd_retained_improvement,source_retained_count,embedded_stored_source_count,posthoc_source_fallback_count,no_improvement_tie_count,simulation_chain,source_artifacts
retained_source_max,"max(best_score,seed_source_fitness)-seed_source_fitness",09_tree_vae_epoch80,TreeVAE-80,latent_ea,Latent EA,B1,0.29999999999999999,0.5,2.2952309520191614,25,1.8363051719999999,0.22770405950063141,2.1170727999999999,1.4256214128,0.23766385671261808,0,0,0,0,eval-allcriteria.sim,jobs/gpu/*.csv; jobs/gpu/*.history.csv; jobs/gpu/*.details.json
retained_source_max,"max(best_score,seed_source_fitness)-seed_source_fitness",09_tree_vae_epoch80,TreeVAE-80,latent_ea,Latent EA,B2,0.5,0.75,2.2952309520191614,25,1.7430445000000001,0.25002621611235926,2.3307837,1.1028278231999999,0.26309754457880369,0,0,0,0,eval-allcriteria.sim,jobs/gpu/*.csv; jobs/gpu/*.history.csv; jobs/gpu/*.details.json
retained_source_max,"max(best_score,seed_source_fitness)-seed_source_fitness",09_tree_vae_epoch80,TreeVAE-80,latent_ea,Latent EA,B3,0.75,1,2.2952309520191614,25,1.732639912,0.22861335207198519,2.0286184,0.83521979000000002,0.24555737455483842,0,0,0,0,eval-allcriteria.sim,jobs/gpu/*.csv; jobs/gpu/*.history.csv; jobs/gpu/*.details.json
retained_source_max,"max(best_score,seed_source_fitness)-seed_source_fitness",09_tree_vae_epoch80,TreeVAE-80,latent_ea,Latent EA,B4,1,1.2,2.2952309520191614,25,1.6709885200000001,0.22086803872869618,2.0288051999999999,0.56169051600000008,0.23228296457172065,0,0,0,0,eval-allcriteria.sim,jobs/gpu/*.csv; jobs/gpu/*.history.csv; jobs/gpu/*.details.json
retained_source_max,"max(best_score,seed_source_fitness)-seed_source_fitness",09_tree_vae_epoch80,TreeVAE-80,latent_ea,Latent EA,B5,1.2,1.5,2.2952309520191614,25,1.7359130359999999,0.19300953763336817,2.0621870000000002,0.42243213199999996,0.20371683113651434,1,1,0,1,eval-allcriteria.sim,jobs/gpu/*.csv; jobs/gpu/*.history.csv; jobs/gpu/*.details.json
retained_source_max,"max(best_score,seed_source_fitness)-seed_source_fitness",09_tree_vae_epoch80,TreeVAE-80,latent_ea,Latent EA,B6,1.5,2.2952309520191614,2.2952309520191614,25,1.9154568080000001,0.17265784524614936,2.2071985000000001,0.22740011600000001,0.17036724446809182,3,3,0,3,eval-allcriteria.sim,jobs/gpu/*.csv; jobs/gpu/*.history.csv; jobs/gpu/*.details.json
retained_source_max,"max(best_score,seed_source_fitness)-seed_source_fitness",09_tree_vae_epoch80,TreeVAE-80,cem,CEM,B1,0.29999999999999999,0.5,2.2952309520191614,25,0.72292658040000002,0.1432355578047271,1.0609491,0.31224282120000002,0.12934324751769016,0,0,0,0,eval-allcriteria.sim,jobs/gpu/*.csv; jobs/gpu/*.history.csv; jobs/gpu/*.details.json
retained_source_max,"max(best_score,seed_source_fitness)-seed_source_fitness",09_tree_vae_epoch80,TreeVAE-80,cem,CEM,B2,0.5,0.75,2.2952309520191614,25,0.89695501639999997,0.20102148734949166,1.3429879,0.25673833959999998,0.16807754602064562,0,0,0,0,eval-allcriteria.sim,jobs/gpu/*.csv; jobs/gpu/*.history.csv; jobs/gpu/*.details.json
retained_source_max,"max(best_score,seed_source_fitness)-seed_source_fitness",09_tree_vae_epoch80,TreeVAE-80,cem,CEM,B3,0.75,1,2.2952309520191614,25,1.1173228312000001,0.10866897426016912,1.3030676000000001,0.21990270919999999,0.099182957543822017,0,0,0,0,eval-allcriteria.sim,jobs/gpu/*.csv; jobs/gpu/*.history.csv; jobs/gpu/*.details.json
retained_source_max,"max(best_score,seed_source_fitness)-seed_source_fitness",09_tree_vae_epoch80,TreeVAE-80,cem,CEM,B4,1,1.2,2.2952309520191614,25,1.2395394479999999,0.084221013719143145,1.4201588000000001,0.13024144400000001,0.08218194686074147,3,0,3,0,eval-allcriteria.sim,jobs/gpu/*.csv; jobs/gpu/*.history.csv; jobs/gpu/*.details.json
retained_source_max,"max(best_score,seed_source_fitness)-seed_source_fitness",09_tree_vae_epoch80,TreeVAE-80,cem,CEM,B5,1.2,1.5,2.2952309520191614,25,1.3665210880000001,0.095124024788410338,1.5263964000000001,0.053040183999999976,0.071151535551353812,10,0,10,0,eval-allcriteria.sim,jobs/gpu/*.csv; jobs/gpu/*.history.csv; jobs/gpu/*.details.json
retained_source_max,"max(best_score,seed_source_fitness)-seed_source_fitness",09_tree_vae_epoch80,TreeVAE-80,cem,CEM,B6,1.5,2.2952309520191614,2.2952309520191614,25,1.7296988520000001,0.17511453018958081,2.1424387999999999,0.041642160000000011,0.06301694891079572,15,0,15,0,eval-allcriteria.sim,jobs/gpu/*.csv; jobs/gpu/*.history.csv; jobs/gpu/*.details.json
retained_source_max,"max(best_score,seed_source_fitness)-seed_source_fitness",09_tree_vae_epoch80,TreeVAE-80,cmaes,CMA-ES,B1,0.29999999999999999,0.5,2.2952309520191614,25,1.5851177359999999,0.20052183121237463,2.1954807999999999,1.1744339768000001,0.21128673578715165,0,0,0,0,eval-allcriteria.sim,jobs/gpu/*.csv; jobs/gpu/*.history.csv; jobs/gpu/*.details.json
retained_source_max,"max(best_score,seed_source_fitness)-seed_source_fitness",09_tree_vae_epoch80,TreeVAE-80,cmaes,CMA-ES,B2,0.5,0.75,2.2952309520191614,25,1.5863660879999999,0.18261482766729345,2.2369248000000002,0.94614941119999996,0.18364945610962871,0,0,0,0,eval-allcriteria.sim,jobs/gpu/*.csv; jobs/gpu/*.history.csv; jobs/gpu/*.details.json
retained_source_max,"max(best_score,seed_source_fitness)-seed_source_fitness",09_tree_vae_epoch80,TreeVAE-80,cmaes,CMA-ES,B3,0.75,1,2.2952309520191614,25,1.5966890280000001,0.23376775207513925,2.2714561999999998,0.69926890600000002,0.2594406286978071,0,0,0,0,eval-allcriteria.sim,jobs/gpu/*.csv; jobs/gpu/*.history.csv; jobs/gpu/*.details.json
retained_source_max,"max(best_score,seed_source_fitness)-seed_source_fitness",09_tree_vae_epoch80,TreeVAE-80,cmaes,CMA-ES,B4,1,1.2,2.2952309520191614,25,1.544761024,0.19208606807903039,2.1873987000000001,0.43546302000000003,0.21017382209077562,0,0,0,0,eval-allcriteria.sim,jobs/gpu/*.csv; jobs/gpu/*.history.csv; jobs/gpu/*.details.json
retained_source_max,"max(best_score,seed_source_fitness)-seed_source_fitness",09_tree_vae_epoch80,TreeVAE-80,cmaes,CMA-ES,B5,1.2,1.5,2.2952309520191614,25,1.66497246,0.248390031183431,2.3528929000000001,0.35149155599999998,0.26959733813416858,0,0,0,0,eval-allcriteria.sim,jobs/gpu/*.csv; jobs/gpu/*.history.csv; jobs/gpu/*.details.json
retained_source_max,"max(best_score,seed_source_fitness)-seed_source_fitness",09_tree_vae_epoch80,TreeVAE-80,cmaes,CMA-ES,B6,1.5,2.2952309520191614,2.2952309520191614,25,1.8480829519999999,0.2056567046563644,2.2572223,0.16002626000000003,0.16995730978640633,7,0,7,0,eval-allcriteria.sim,jobs/gpu/*.csv; jobs/gpu/*.history.csv; jobs/gpu/*.details.json
retained_source_max,"max(best_score,seed_source_fitness)-seed_source_fitness",10_transformer_vae_epoch90,TransformerVAE-90,latent_ea,Latent EA,B1,0.29999999999999999,0.5,2.2952309520191614,25,1.8048944119999999,0.17367742925615079,2.0678717,1.3942106528,0.18368615635360938,0,0,0,0,eval-allcriteria.sim,jobs/gpu/*.csv; jobs/gpu/*.history.csv; jobs/gpu/*.details.json
retained_source_max,"max(best_score,seed_source_fitness)-seed_source_fitness",10_transformer_vae_epoch90,TransformerVAE-90,latent_ea,Latent EA,B2,0.5,0.75,2.2952309520191614,25,1.6942919519999999,0.21850618015899292,2.1031064000000002,1.0540752752,0.23976343971489936,0,0,0,0,eval-allcriteria.sim,jobs/gpu/*.csv; jobs/gpu/*.history.csv; jobs/gpu/*.details.json
retained_source_max,"max(best_score,seed_source_fitness)-seed_source_fitness",10_transformer_vae_epoch90,TransformerVAE-90,latent_ea,Latent EA,B3,0.75,1,2.2952309520191614,25,1.7663570399999999,0.19599561905971905,2.1053225000000002,0.86893691800000006,0.20420559770580349,0,0,0,0,eval-allcriteria.sim,jobs/gpu/*.csv; jobs/gpu/*.history.csv; jobs/gpu/*.details.json
retained_source_max,"max(best_score,seed_source_fitness)-seed_source_fitness",10_transformer_vae_epoch90,TransformerVAE-90,latent_ea,Latent EA,B4,1,1.2,2.2952309520191614,25,1.7827138840000001,0.23558820949096873,2.0137594000000001,0.67341587999999997,0.2403507927118784,0,0,0,0,eval-allcriteria.sim,jobs/gpu/*.csv; jobs/gpu/*.history.csv; jobs/gpu/*.details.json
retained_source_max,"max(best_score,seed_source_fitness)-seed_source_fitness",10_transformer_vae_epoch90,TransformerVAE-90,latent_ea,Latent EA,B5,1.2,1.5,2.2952309520191614,25,1.701758952,0.16963453299309403,1.9736155,0.38827804799999999,0.17295772539933499,0,0,0,0,eval-allcriteria.sim,jobs/gpu/*.csv; jobs/gpu/*.history.csv; jobs/gpu/*.details.json
retained_source_max,"max(best_score,seed_source_fitness)-seed_source_fitness",10_transformer_vae_epoch90,TransformerVAE-90,latent_ea,Latent EA,B6,1.5,2.2952309520191614,2.2952309520191614,25,1.8938864120000001,0.12780557652728267,2.1293256,0.20582972000000002,0.15991709115491168,4,4,0,4,eval-allcriteria.sim,jobs/gpu/*.csv; jobs/gpu/*.history.csv; jobs/gpu/*.details.json
retained_source_max,"max(best_score,seed_source_fitness)-seed_source_fitness",10_transformer_vae_epoch90,TransformerVAE-90,cem,CEM,B1,0.29999999999999999,0.5,2.2952309520191614,25,0.89034433639999999,0.17680007193718281,1.2081546999999999,0.47966057719999999,0.18440373406550456,0,0,0,0,eval-allcriteria.sim,jobs/gpu/*.csv; jobs/gpu/*.history.csv; jobs/gpu/*.details.json
retained_source_max,"max(best_score,seed_source_fitness)-seed_source_fitness",10_transformer_vae_epoch90,TransformerVAE-90,cem,CEM,B2,0.5,0.75,2.2952309520191614,25,0.99314282720000002,0.15997556098903271,1.4827328,0.35292615039999997,0.17097377479618833,0,0,0,0,eval-allcriteria.sim,jobs/gpu/*.csv; jobs/gpu/*.history.csv; jobs/gpu/*.details.json
retained_source_max,"max(best_score,seed_source_fitness)-seed_source_fitness",10_transformer_vae_epoch90,TransformerVAE-90,cem,CEM,B3,0.75,1,2.2952309520191614,25,1.1119831912,0.14236150318698365,1.3730224,0.21456306920000001,0.12595892990735144,1,0,1,0,eval-allcriteria.sim,jobs/gpu/*.csv; jobs/gpu/*.history.csv; jobs/gpu/*.details.json
retained_source_max,"max(best_score,seed_source_fitness)-seed_source_fitness",10_transformer_vae_epoch90,TransformerVAE-90,cem,CEM,B4,1,1.2,2.2952309520191614,25,1.247147904,0.12079311102600693,1.5615979,0.1378499,0.12167845731311688,6,0,6,0,eval-allcriteria.sim,jobs/gpu/*.csv; jobs/gpu/*.history.csv; jobs/gpu/*.details.json
retained_source_max,"max(best_score,seed_source_fitness)-seed_source_fitness",10_transformer_vae_epoch90,TransformerVAE-90,cem,CEM,B5,1.2,1.5,2.2952309520191614,25,1.3235509679999999,0.089681653786689297,1.4840222000000001,0.010070063999999998,0.023133061435275572,18,0,18,0,eval-allcriteria.sim,jobs/gpu/*.csv; jobs/gpu/*.history.csv; jobs/gpu/*.details.json
retained_source_max,"max(best_score,seed_source_fitness)-seed_source_fitness",10_transformer_vae_epoch90,TransformerVAE-90,cem,CEM,B6,1.5,2.2952309520191614,2.2952309520191614,25,1.7146407800000001,0.16900862092600485,2.1293256,0.026584088000000002,0.077653925637237442,22,0,22,0,eval-allcriteria.sim,jobs/gpu/*.csv; jobs/gpu/*.history.csv; jobs/gpu/*.details.json
retained_source_max,"max(best_score,seed_source_fitness)-seed_source_fitness",10_transformer_vae_epoch90,TransformerVAE-90,cmaes,CMA-ES,B1,0.29999999999999999,0.5,2.2952309520191614,25,1.4334228516,0.22330436425786085,1.9065475999999999,1.0227390923999999,0.22023652459868931,0,0,0,0,eval-allcriteria.sim,jobs/gpu/*.csv; jobs/gpu/*.history.csv; jobs/gpu/*.details.json
retained_source_max,"max(best_score,seed_source_fitness)-seed_source_fitness",10_transformer_vae_epoch90,TransformerVAE-90,cmaes,CMA-ES,B2,0.5,0.75,2.2952309520191614,25,1.4709636587999999,0.26785502483334045,1.9372068,0.83074698199999997,0.3009074128206643,0,0,0,0,eval-allcriteria.sim,jobs/gpu/*.csv; jobs/gpu/*.history.csv; jobs/gpu/*.details.json
retained_source_max,"max(best_score,seed_source_fitness)-seed_source_fitness",10_transformer_vae_epoch90,TransformerVAE-90,cmaes,CMA-ES,B3,0.75,1,2.2952309520191614,25,1.4824290040000001,0.23100161344087061,1.9316093000000001,0.58500888200000001,0.24678123397667245,0,0,0,0,eval-allcriteria.sim,jobs/gpu/*.csv; jobs/gpu/*.history.csv; jobs/gpu/*.details.json
retained_source_max,"max(best_score,seed_source_fitness)-seed_source_fitness",10_transformer_vae_epoch90,TransformerVAE-90,cmaes,CMA-ES,B4,1,1.2,2.2952309520191614,25,1.4772114279999999,0.16255353253915697,1.9295732999999999,0.36791342399999999,0.17382402795295418,0,0,0,0,eval-allcriteria.sim,jobs/gpu/*.csv; jobs/gpu/*.history.csv; jobs/gpu/*.details.json
retained_source_max,"max(best_score,seed_source_fitness)-seed_source_fitness",10_transformer_vae_epoch90,TransformerVAE-90,cmaes,CMA-ES,B5,1.2,1.5,2.2952309520191614,25,1.436175816,0.12889864261034287,1.8101292,0.122694912,0.14115212256689683,6,0,6,0,eval-allcriteria.sim,jobs/gpu/*.csv; jobs/gpu/*.history.csv; jobs/gpu/*.details.json
retained_source_max,"max(best_score,seed_source_fitness)-seed_source_fitness",10_transformer_vae_epoch90,TransformerVAE-90,cmaes,CMA-ES,B6,1.5,2.2952309520191614,2.2952309520191614,25,1.735138512,0.1735458672682367,2.1293256,0.04708182000000001,0.086077291400868325,16,0,16,0,eval-allcriteria.sim,jobs/gpu/*.csv; jobs/gpu/*.history.csv; jobs/gpu/*.details.json
retained_source_max,"max(best_score,seed_source_fitness)-seed_source_fitness",02_lhs_latent256_seed42_best,LHS-256,latent_ea,Latent EA,B1,0.29999999999999999,0.5,2.2952309520191614,25,1.39281392,0.19614645505611999,1.9526561,0.98213016080000004,0.2064181138823287,0,0,0,0,eval-allcriteria.sim,jobs/gpu/*.csv; jobs/gpu/*.history.csv; jobs/gpu/*.details.json
retained_source_max,"max(best_score,seed_source_fitness)-seed_source_fitness",02_lhs_latent256_seed42_best,LHS-256,latent_ea,Latent EA,B2,0.5,0.75,2.2952309520191614,25,1.4436599000000001,0.19885475618897705,1.9075896000000001,0.80344322320000006,0.21150585727973509,0,0,0,0,eval-allcriteria.sim,jobs/gpu/*.csv; jobs/gpu/*.history.csv; jobs/gpu/*.details.json
retained_source_max,"max(best_score,seed_source_fitness)-seed_source_fitness",02_lhs_latent256_seed42_best,LHS-256,latent_ea,Latent EA,B3,0.75,1,2.2952309520191614,25,1.4119769,0.15197279569477504,1.7177005999999999,0.51455677799999999,0.16017111976187465,0,0,0,0,eval-allcriteria.sim,jobs/gpu/*.csv; jobs/gpu/*.history.csv; jobs/gpu/*.details.json
retained_source_max,"max(best_score,seed_source_fitness)-seed_source_fitness",02_lhs_latent256_seed42_best,LHS-256,latent_ea,Latent EA,B4,1,1.2,2.2952309520191614,25,1.4815784240000001,0.20901672619612144,1.9690763,0.37228042,0.21064987775576799,0,0,0,0,eval-allcriteria.sim,jobs/gpu/*.csv; jobs/gpu/*.history.csv; jobs/gpu/*.details.json
retained_source_max,"max(best_score,seed_source_fitness)-seed_source_fitness",02_lhs_latent256_seed42_best,LHS-256,latent_ea,Latent EA,B5,1.2,1.5,2.2952309520191614,25,1.4237303480000001,0.11518575553972997,1.6424970999999999,0.11024944400000003,0.1174196523810505,5,5,0,5,eval-allcriteria.sim,jobs/gpu/*.csv; jobs/gpu/*.history.csv; jobs/gpu/*.details.json
retained_source_max,"max(best_score,seed_source_fitness)-seed_source_fitness",02_lhs_latent256_seed42_best,LHS-256,latent_ea,Latent EA,B6,1.5,2.2952309520191614,2.2952309520191614,25,1.7106991519999999,0.15669063370936304,2.1293256,0.02264246000000001,0.072129757821685528,21,21,0,21,eval-allcriteria.sim,jobs/gpu/*.csv; jobs/gpu/*.history.csv; jobs/gpu/*.details.json
retained_source_max,"max(best_score,seed_source_fitness)-seed_source_fitness",02_lhs_latent256_seed42_best,LHS-256,cem,CEM,B1,0.29999999999999999,0.5,2.2952309520191614,25,1.3861721280000001,0.072519059880894535,1.5673547000000001,0.97548836880000001,0.10672539283727428,0,0,0,0,eval-allcriteria.sim,jobs/gpu/*.csv; jobs/gpu/*.history.csv; jobs/gpu/*.details.json
retained_source_max,"max(best_score,seed_source_fitness)-seed_source_fitness",02_lhs_latent256_seed42_best,LHS-256,cem,CEM,B2,0.5,0.75,2.2952309520191614,25,1.3666249959999999,0.076514586383988892,1.5013711999999999,0.72640831919999993,0.093339443743094719,0,0,0,0,eval-allcriteria.sim,jobs/gpu/*.csv; jobs/gpu/*.history.csv; jobs/gpu/*.details.json
retained_source_max,"max(best_score,seed_source_fitness)-seed_source_fitness",02_lhs_latent256_seed42_best,LHS-256,cem,CEM,B3,0.75,1,2.2952309520191614,25,1.3858769040000001,0.073569648009241775,1.5109988000000001,0.48845678199999998,0.10574874299306883,0,0,0,0,eval-allcriteria.sim,jobs/gpu/*.csv; jobs/gpu/*.history.csv; jobs/gpu/*.details.json
retained_source_max,"max(best_score,seed_source_fitness)-seed_source_fitness",02_lhs_latent256_seed42_best,LHS-256,cem,CEM,B4,1,1.2,2.2952309520191614,25,1.379430752,0.073757900883804323,1.5244278,0.27013274800000003,0.088278682407580342,0,0,0,0,eval-allcriteria.sim,jobs/gpu/*.csv; jobs/gpu/*.history.csv; jobs/gpu/*.details.json
retained_source_max,"max(best_score,seed_source_fitness)-seed_source_fitness",02_lhs_latent256_seed42_best,LHS-256,cem,CEM,B5,1.2,1.5,2.2952309520191614,25,1.427332584,0.057938277228930447,1.5685715,0.11385168,0.096574584927950041,4,0,4,0,eval-allcriteria.sim,jobs/gpu/*.csv; jobs/gpu/*.history.csv; jobs/gpu/*.details.json
retained_source_max,"max(best_score,seed_source_fitness)-seed_source_fitness",02_lhs_latent256_seed42_best,LHS-256,cem,CEM,B6,1.5,2.2952309520191614,2.2952309520191614,25,1.701958968,0.16450059790376073,2.1293256,0.013902276000000012,0.065167426798045075,16,0,16,0,eval-allcriteria.sim,jobs/gpu/*.csv; jobs/gpu/*.history.csv; jobs/gpu/*.details.json
retained_source_max,"max(best_score,seed_source_fitness)-seed_source_fitness",02_lhs_latent256_seed42_best,LHS-256,cmaes,CMA-ES,B1,0.29999999999999999,0.5,2.2952309520191614,25,1.3701302959999999,0.074639259041938286,1.5239872000000001,0.95944653680000003,0.094167499551273195,0,0,0,0,eval-allcriteria.sim,jobs/gpu/*.csv; jobs/gpu/*.history.csv; jobs/gpu/*.details.json
retained_source_max,"max(best_score,seed_source_fitness)-seed_source_fitness",02_lhs_latent256_seed42_best,LHS-256,cmaes,CMA-ES,B2,0.5,0.75,2.2952309520191614,25,1.3325650039999999,0.080910474115286221,1.4736146999999999,0.69234832719999995,0.10186263497771542,0,0,0,0,eval-allcriteria.sim,jobs/gpu/*.csv; jobs/gpu/*.history.csv; jobs/gpu/*.details.json
retained_source_max,"max(best_score,seed_source_fitness)-seed_source_fitness",02_lhs_latent256_seed42_best,LHS-256,cmaes,CMA-ES,B3,0.75,1,2.2952309520191614,25,1.3539954359999999,0.092362944496796079,1.5362256000000001,0.45657531400000001,0.12235071700823284,0,0,0,0,eval-allcriteria.sim,jobs/gpu/*.csv; jobs/gpu/*.history.csv; jobs/gpu/*.details.json
retained_source_max,"max(best_score,seed_source_fitness)-seed_source_fitness",02_lhs_latent256_seed42_best,LHS-256,cmaes,CMA-ES,B4,1,1.2,2.2952309520191614,25,1.3472353880000001,0.063919638994882469,1.4310262,0.23793738400000003,0.077450227568321192,0,0,0,0,eval-allcriteria.sim,jobs/gpu/*.csv; jobs/gpu/*.history.csv; jobs/gpu/*.details.json
retained_source_max,"max(best_score,seed_source_fitness)-seed_source_fitness",02_lhs_latent256_seed42_best,LHS-256,cmaes,CMA-ES,B5,1.2,1.5,2.2952309520191614,25,1.4029439159999999,0.069090766352703739,1.563537,0.089463011999999995,0.09700221472448585,7,0,7,0,eval-allcriteria.sim,jobs/gpu/*.csv; jobs/gpu/*.history.csv; jobs/gpu/*.details.json
retained_source_max,"max(best_score,seed_source_fitness)-seed_source_fitness",02_lhs_latent256_seed42_best,LHS-256,cmaes,CMA-ES,B6,1.5,2.2952309520191614,2.2952309520191614,25,1.6885330119999999,0.15977119202615794,2.1293256,0.00047632000000001005,0.0019913914618091885,17,0,17,0,eval-allcriteria.sim,jobs/gpu/*.csv; jobs/gpu/*.history.csv; jobs/gpu/*.details.json
retained_source_max,"max(best_score,seed_source_fitness)-seed_source_fitness",06_lhs_depth_seed42_best,LHS-depth,latent_ea,Latent EA,B1,0.29999999999999999,0.5,2.2952309520191614,25,1.3759109839999999,0.19062209855976095,2.0545865999999999,0.96522722480000001,0.20148971704668756,0,0,0,0,eval-allcriteria.sim,jobs/gpu/*.csv; jobs/gpu/*.history.csv; jobs/gpu/*.details.json
retained_source_max,"max(best_score,seed_source_fitness)-seed_source_fitness",06_lhs_depth_seed42_best,LHS-depth,latent_ea,Latent EA,B2,0.5,0.75,2.2952309520191614,25,1.407086276,0.20323998272378904,1.8292554999999999,0.76686959919999997,0.22914740092467789,0,0,0,0,eval-allcriteria.sim,jobs/gpu/*.csv; jobs/gpu/*.history.csv; jobs/gpu/*.details.json
retained_source_max,"max(best_score,seed_source_fitness)-seed_source_fitness",06_lhs_depth_seed42_best,LHS-depth,latent_ea,Latent EA,B3,0.75,1,2.2952309520191614,25,1.3703601560000001,0.16542453352266376,1.6272586,0.47294003400000001,0.18892622978752119,0,0,0,0,eval-allcriteria.sim,jobs/gpu/*.csv; jobs/gpu/*.history.csv; jobs/gpu/*.details.json
retained_source_max,"max(best_score,seed_source_fitness)-seed_source_fitness",06_lhs_depth_seed42_best,LHS-depth,latent_ea,Latent EA,B4,1,1.2,2.2952309520191614,25,1.40289624,0.22221282971735115,2.1277007000000001,0.29359823600000001,0.22808527355959962,0,0,0,0,eval-allcriteria.sim,jobs/gpu/*.csv; jobs/gpu/*.history.csv; jobs/gpu/*.details.json
retained_source_max,"max(best_score,seed_source_fitness)-seed_source_fitness",06_lhs_depth_seed42_best,LHS-depth,latent_ea,Latent EA,B5,1.2,1.5,2.2952309520191614,25,1.38733482,0.11652801761910808,1.65021,0.073853915999999978,0.11808176287697041,12,12,0,12,eval-allcriteria.sim,jobs/gpu/*.csv; jobs/gpu/*.history.csv; jobs/gpu/*.details.json
retained_source_max,"max(best_score,seed_source_fitness)-seed_source_fitness",06_lhs_depth_seed42_best,LHS-depth,latent_ea,Latent EA,B6,1.5,2.2952309520191614,2.2952309520191614,25,1.6933594199999999,0.15746253804042834,2.1293256,0.0053027280000000057,0.026513640000000029,24,24,0,24,eval-allcriteria.sim,jobs/gpu/*.csv; jobs/gpu/*.history.csv; jobs/gpu/*.details.json
retained_source_max,"max(best_score,seed_source_fitness)-seed_source_fitness",06_lhs_depth_seed42_best,LHS-depth,cem,CEM,B1,0.29999999999999999,0.5,2.2952309520191614,25,1.348139244,0.091755162368092752,1.5100245999999999,0.93745548479999996,0.1238009365337131,0,0,0,0,eval-allcriteria.sim,jobs/gpu/*.csv; jobs/gpu/*.history.csv; jobs/gpu/*.details.json
retained_source_max,"max(best_score,seed_source_fitness)-seed_source_fitness",06_lhs_depth_seed42_best,LHS-depth,cem,CEM,B2,0.5,0.75,2.2952309520191614,25,1.421640172,0.15776006728895975,2.0397783,0.78142349519999998,0.19133318935029181,0,0,0,0,eval-allcriteria.sim,jobs/gpu/*.csv; jobs/gpu/*.history.csv; jobs/gpu/*.details.json
retained_source_max,"max(best_score,seed_source_fitness)-seed_source_fitness",06_lhs_depth_seed42_best,LHS-depth,cem,CEM,B3,0.75,1,2.2952309520191614,25,1.3738296720000001,0.092868961468321576,1.5639286999999999,0.47640954999999996,0.12651777720334478,0,0,0,0,eval-allcriteria.sim,jobs/gpu/*.csv; jobs/gpu/*.history.csv; jobs/gpu/*.details.json
retained_source_max,"max(best_score,seed_source_fitness)-seed_source_fitness",06_lhs_depth_seed42_best,LHS-depth,cem,CEM,B4,1,1.2,2.2952309520191614,25,1.353268648,0.093944490140113746,1.59232,0.24397064400000001,0.12224602082614687,0,0,0,0,eval-allcriteria.sim,jobs/gpu/*.csv; jobs/gpu/*.history.csv; jobs/gpu/*.details.json
retained_source_max,"max(best_score,seed_source_fitness)-seed_source_fitness",06_lhs_depth_seed42_best,LHS-depth,cem,CEM,B5,1.2,1.5,2.2952309520191614,25,1.3940631160000001,0.08453262155972037,1.5710462000000001,0.080582212000000014,0.08931649048053468,5,0,5,0,eval-allcriteria.sim,jobs/gpu/*.csv; jobs/gpu/*.history.csv; jobs/gpu/*.details.json
retained_source_max,"max(best_score,seed_source_fitness)-seed_source_fitness",06_lhs_depth_seed42_best,LHS-depth,cem,CEM,B6,1.5,2.2952309520191614,2.2952309520191614,25,1.6895389519999999,0.16043779743709377,2.1293256,0.0014822599999999931,0.0044739274824624944,16,0,16,0,eval-allcriteria.sim,jobs/gpu/*.csv; jobs/gpu/*.history.csv; jobs/gpu/*.details.json
retained_source_max,"max(best_score,seed_source_fitness)-seed_source_fitness",06_lhs_depth_seed42_best,LHS-depth,cmaes,CMA-ES,B1,0.29999999999999999,0.5,2.2952309520191614,25,1.387029684,0.079854975450618607,1.5348663,0.97634592480000004,0.097878579580511271,0,0,0,0,eval-allcriteria.sim,jobs/gpu/*.csv; jobs/gpu/*.history.csv; jobs/gpu/*.details.json
retained_source_max,"max(best_score,seed_source_fitness)-seed_source_fitness",06_lhs_depth_seed42_best,LHS-depth,cmaes,CMA-ES,B2,0.5,0.75,2.2952309520191614,25,1.3977545199999999,0.071622131319929089,1.5634939999999999,0.75753784319999995,0.1205506166131539,0,0,0,0,eval-allcriteria.sim,jobs/gpu/*.csv; jobs/gpu/*.history.csv; jobs/gpu/*.details.json
retained_source_max,"max(best_score,seed_source_fitness)-seed_source_fitness",06_lhs_depth_seed42_best,LHS-depth,cmaes,CMA-ES,B3,0.75,1,2.2952309520191614,25,1.4003824920000001,0.082535791230890249,1.5603081000000001,0.50296236999999999,0.096926611331543983,0,0,0,0,eval-allcriteria.sim,jobs/gpu/*.csv; jobs/gpu/*.history.csv; jobs/gpu/*.details.json
retained_source_max,"max(best_score,seed_source_fitness)-seed_source_fitness",06_lhs_depth_seed42_best,LHS-depth,cmaes,CMA-ES,B4,1,1.2,2.2952309520191614,25,1.415496804,0.056857444483106756,1.5303214000000001,0.30619879999999999,0.072000358664847428,0,0,0,0,eval-allcriteria.sim,jobs/gpu/*.csv; jobs/gpu/*.history.csv; jobs/gpu/*.details.json
retained_source_max,"max(best_score,seed_source_fitness)-seed_source_fitness",06_lhs_depth_seed42_best,LHS-depth,cmaes,CMA-ES,B5,1.2,1.5,2.2952309520191614,25,1.3953078999999999,0.057945689067198949,1.4971409,0.081826995999999999,0.076877507640100637,6,0,6,0,eval-allcriteria.sim,jobs/gpu/*.csv; jobs/gpu/*.history.csv; jobs/gpu/*.details.json
retained_source_max,"max(best_score,seed_source_fitness)-seed_source_fitness",06_lhs_depth_seed42_best,LHS-depth,cmaes,CMA-ES,B6,1.5,2.2952309520191614,2.2952309520191614,25,1.6895389519999999,0.16043779743709377,2.1293256,0.0014822599999999931,0.0044739274824624944,16,0,16,0,eval-allcriteria.sim,jobs/gpu/*.csv; jobs/gpu/*.history.csv; jobs/gpu/*.details.json
retained_source_max,"max(best_score,seed_source_fitness)-seed_source_fitness",fitness_aware_lhs_seed42,Fitness-aware LHS,latent_ea,Latent EA,B1,0.29999999999999999,0.5,2.2952309520191614,25,1.5376496959999999,0.24428037443380246,2.0913105999999999,1.1269659368,0.26275379783507991,0,0,0,0,eval-allcriteria.sim,jobs/gpu/*.csv; jobs/gpu/*.history.csv; jobs/gpu/*.details.json
retained_source_max,"max(best_score,seed_source_fitness)-seed_source_fitness",fitness_aware_lhs_seed42,Fitness-aware LHS,latent_ea,Latent EA,B2,0.5,0.75,2.2952309520191614,25,1.541895888,0.21701667745642522,1.9909218,0.90167921120000005,0.22491350845092067,0,0,0,0,eval-allcriteria.sim,jobs/gpu/*.csv; jobs/gpu/*.history.csv; jobs/gpu/*.details.json
retained_source_max,"max(best_score,seed_source_fitness)-seed_source_fitness",fitness_aware_lhs_seed42,Fitness-aware LHS,latent_ea,Latent EA,B3,0.75,1,2.2952309520191614,25,1.578955828,0.20255120190358561,1.9603771000000001,0.68153570600000002,0.22502371938916854,0,0,0,0,eval-allcriteria.sim,jobs/gpu/*.csv; jobs/gpu/*.history.csv; jobs/gpu/*.details.json
retained_source_max,"max(best_score,seed_source_fitness)-seed_source_fitness",fitness_aware_lhs_seed42,Fitness-aware LHS,latent_ea,Latent EA,B4,1,1.2,2.2952309520191614,25,1.5868334559999999,0.2399762532239702,2.1018561,0.47753545200000003,0.2474180000589507,0,0,0,0,eval-allcriteria.sim,jobs/gpu/*.csv; jobs/gpu/*.history.csv; jobs/gpu/*.details.json
retained_source_max,"max(best_score,seed_source_fitness)-seed_source_fitness",fitness_aware_lhs_seed42,Fitness-aware LHS,latent_ea,Latent EA,B5,1.2,1.5,2.2952309520191614,25,1.5759747799999999,0.21403772432212548,2.2007718000000001,0.26249387599999996,0.23475383327326502,3,3,0,3,eval-allcriteria.sim,jobs/gpu/*.csv; jobs/gpu/*.history.csv; jobs/gpu/*.details.json
retained_source_max,"max(best_score,seed_source_fitness)-seed_source_fitness",fitness_aware_lhs_seed42,Fitness-aware LHS,latent_ea,Latent EA,B6,1.5,2.2952309520191614,2.2952309520191614,25,1.8514317440000001,0.19592905566395941,2.1857131999999999,0.16337505200000002,0.18823675739471937,10,10,0,10,eval-allcriteria.sim,jobs/gpu/*.csv; jobs/gpu/*.history.csv; jobs/gpu/*.details.json
retained_source_max,"max(best_score,seed_source_fitness)-seed_source_fitness",fitness_aware_lhs_seed42,Fitness-aware LHS,cem,CEM,B1,0.29999999999999999,0.5,2.2952309520191614,25,1.393660948,0.16487680543653674,2.0574615999999999,0.98297718879999996,0.16929367163471506,0,0,0,0,eval-allcriteria.sim,jobs/gpu/*.csv; jobs/gpu/*.history.csv; jobs/gpu/*.details.json
retained_source_max,"max(best_score,seed_source_fitness)-seed_source_fitness",fitness_aware_lhs_seed42,Fitness-aware LHS,cem,CEM,B2,0.5,0.75,2.2952309520191614,25,1.4139718480000001,0.15534243756514751,2.0178843999999998,0.77375517120000004,0.1859733353341011,0,0,0,0,eval-allcriteria.sim,jobs/gpu/*.csv; jobs/gpu/*.history.csv; jobs/gpu/*.details.json
retained_source_max,"max(best_score,seed_source_fitness)-seed_source_fitness",fitness_aware_lhs_seed42,Fitness-aware LHS,cem,CEM,B3,0.75,1,2.2952309520191614,25,1.457795728,0.14230839312015744,1.8609229,0.56037560600000003,0.1774736552859863,0,0,0,0,eval-allcriteria.sim,jobs/gpu/*.csv; jobs/gpu/*.history.csv; jobs/gpu/*.details.json
retained_source_max,"max(best_score,seed_source_fitness)-seed_source_fitness",fitness_aware_lhs_seed42,Fitness-aware LHS,cem,CEM,B4,1,1.2,2.2952309520191614,25,1.45837656,0.15235758292229828,1.8750614999999999,0.34907855599999998,0.15447873326055023,0,0,0,0,eval-allcriteria.sim,jobs/gpu/*.csv; jobs/gpu/*.history.csv; jobs/gpu/*.details.json
retained_source_max,"max(best_score,seed_source_fitness)-seed_source_fitness",fitness_aware_lhs_seed42,Fitness-aware LHS,cem,CEM,B5,1.2,1.5,2.2952309520191614,25,1.4600597559999999,0.18845409755994091,2.1526008000000001,0.14657885200000001,0.18681350317927398,3,0,3,0,eval-allcriteria.sim,jobs/gpu/*.csv; jobs/gpu/*.history.csv; jobs/gpu/*.details.json
retained_source_max,"max(best_score,seed_source_fitness)-seed_source_fitness",fitness_aware_lhs_seed42,Fitness-aware LHS,cem,CEM,B6,1.5,2.2952309520191614,2.2952309520191614,25,1.7012431480000001,0.16961155643666631,2.1294602,0.013186455999999999,0.045596832506875573,13,0,12,1,eval-allcriteria.sim,jobs/gpu/*.csv; jobs/gpu/*.history.csv; jobs/gpu/*.details.json
retained_source_max,"max(best_score,seed_source_fitness)-seed_source_fitness",fitness_aware_lhs_seed42,Fitness-aware LHS,cmaes,CMA-ES,B1,0.29999999999999999,0.5,2.2952309520191614,25,1.525461988,0.26285177727646608,2.2111703,1.1147782288000001,0.29965751804210489,0,0,0,0,eval-allcriteria.sim,jobs/gpu/*.csv; jobs/gpu/*.history.csv; jobs/gpu/*.details.json
retained_source_max,"max(best_score,seed_source_fitness)-seed_source_fitness",fitness_aware_lhs_seed42,Fitness-aware LHS,cmaes,CMA-ES,B2,0.5,0.75,2.2952309520191614,25,1.5693301079999999,0.26238032805260947,2.2335188000000001,0.92911343120000001,0.28546189007541717,0,0,0,0,eval-allcriteria.sim,jobs/gpu/*.csv; jobs/gpu/*.history.csv; jobs/gpu/*.details.json
retained_source_max,"max(best_score,seed_source_fitness)-seed_source_fitness",fitness_aware_lhs_seed42,Fitness-aware LHS,cmaes,CMA-ES,B3,0.75,1,2.2952309520191614,25,1.551587636,0.27611559728414303,2.2482937999999999,0.65416751399999995,0.29057006986372697,0,0,0,0,eval-allcriteria.sim,jobs/gpu/*.csv; jobs/gpu/*.history.csv; jobs/gpu/*.details.json
retained_source_max,"max(best_score,seed_source_fitness)-seed_source_fitness",fitness_aware_lhs_seed42,Fitness-aware LHS,cmaes,CMA-ES,B4,1,1.2,2.2952309520191614,25,1.594064012,0.29371276221207082,2.2636341,0.48476600800000003,0.29216773916449229,0,0,0,0,eval-allcriteria.sim,jobs/gpu/*.csv; jobs/gpu/*.history.csv; jobs/gpu/*.details.json
retained_source_max,"max(best_score,seed_source_fitness)-seed_source_fitness",fitness_aware_lhs_seed42,Fitness-aware LHS,cmaes,CMA-ES,B5,1.2,1.5,2.2952309520191614,25,1.5966844600000001,0.28073523853022531,2.2349872999999998,0.28320355600000002,0.27685394101961214,1,0,1,0,eval-allcriteria.sim,jobs/gpu/*.csv; jobs/gpu/*.history.csv; jobs/gpu/*.details.json
retained_source_max,"max(best_score,seed_source_fitness)-seed_source_fitness",fitness_aware_lhs_seed42,Fitness-aware LHS,cmaes,CMA-ES,B6,1.5,2.2952309520191614,2.2952309520191614,25,1.8751519679999999,0.28228248656067434,2.2564918,0.187095276,0.25008118720707861,9,0,9,0,eval-allcriteria.sim,jobs/gpu/*.csv; jobs/gpu/*.history.csv; jobs/gpu/*.details.json
